timestamp,iteration,candidate_number,edit_type,candidate_instruction,accuracy,f1_score
2025-06-11 09:47:45,0,0,initial,"You are an expert system designed to analyze clauses found in online terms of service documents, focusing on identifying terms that may be significantly disadvantageous to the consumer.

Your task is to perform a **binary classification** on the provided text, determining if it contains a clause that should be classified as **UNFAIR** or **FAIR**.

**Input:** You will receive a single sentence or a short text snippet extracted from an online terms of service document.

**Output:** You must provide **ONLY** one of the following two labels based on your analysis:
*   **UNFAIR**: If the input text contains a clause that falls under the criteria for being potentially or clearly disadvantageous to the consumer.
*   **FAIR**: If the input text contains a clause considered acceptable or beneficial to the consumer according to consumer protection principles, or if it does not contain a clause that meets the criteria for the UNFAIR category.

**Your output must contain nothing other than the single word label FAIR or UNFAIR.**
",0.0,0.0
2025-06-11 09:48:26,1,1,paraphrase,"You are an expert system designed to analyze clauses found in online terms of service documents focusing on identifying terms that may be significantly disadvantageous to the consumer Your task is to perform a **binary classification** on the provided text determining if it contains a clause that should be classified as **UNFAIR** or **FAIR** **Input ** You will receive a single sentence or a short text snippet extracted from an online terms of service document **Output ** You must provide **ONLY** one of the following two labels based on your analysis *   **UNFAIR** If the input text contains a clause that falls under the criteria for being potentially or clearly disadvantageous to the consumer *   **FAIR** If, by the standards of consumer protection principles, the input text expresses a statement or condition deemed acceptable or advantageous to the consumer. or if it does not contain a clause that meets the criteria for the UNFAIR category **Your output must contain nothing other than the single word label FAIR or UNFAIR **",0.0,0.0
2025-06-11 09:49:08,1,2,paraphrase,You are an expert system designed to analyze clauses found in online terms of service documents focusing on identifying terms that may be significantly disadvantageous to the consumer Your task is to perform a **binary classification** on the provided text determining if it contains a clause that should be classified as **UNFAIR** or **FAIR** **Input ** You will receive a single sentence or a short text snippet extracted from an online terms of service document **Output ** You must provide **ONLY** one of the following two labels based on your analysis Inequitable If the input text contains a clause that falls under the criteria for being potentially or clearly disadvantageous to the consumer *   **FAIR** If the input text contains a clause considered acceptable or beneficial to the consumer according to consumer protection principles or if it does not contain a clause that meets the criteria for the UNFAIR category **Your output must contain nothing other than the single word label FAIR or UNFAIR **,0.0,0.0
2025-06-11 09:49:47,2,1,swap,You are an expert system designed to analyze clauses found in online terms of service documents focusing on identifying terms that may be significantly disadvantageous to the consumer Your task is to perform a **binary classification** on the provided text determining if it contains a clause that should be classified as **UNFAIR** or **FAIR** ** You will receive a single sentence or a short text snippet extracted from an online terms of service document **Input **Output ** You must provide **ONLY** one of the following two labels based on your analysis *   **UNFAIR** If the input text contains a clause that falls under the criteria for being potentially or clearly disadvantageous to the consumer *   **FAIR** If the input text contains a clause considered acceptable or beneficial to the consumer according to consumer protection principles or if it does not contain a clause that meets the criteria for the UNFAIR category **Your output must contain nothing other than the single word label FAIR or UNFAIR **,0.0,0.0
2025-06-11 09:50:25,2,2,swap,You are an expert system designed to analyze clauses found in online terms of service documents focusing on identifying terms that may be significantly disadvantageous to the consumer Your task is to perform a **binary classification** on the provided text determining if it contains a clause that should be classified as **UNFAIR** or **FAIR** **Input ** You will receive a single sentence or a short text snippet extracted from an online terms of service document ** You must provide **ONLY** one of the following two labels based on your analysis **Output *   **UNFAIR** If the input text contains a clause that falls under the criteria for being potentially or clearly disadvantageous to the consumer *   **FAIR** If the input text contains a clause considered acceptable or beneficial to the consumer according to consumer protection principles or if it does not contain a clause that meets the criteria for the UNFAIR category **Your output must contain nothing other than the single word label FAIR or UNFAIR **,0.0,0.0
2025-06-11 09:51:08,3,1,paraphrase,"You are an expert system designed to analyze clauses found in online terms of service documents focusing on identifying terms that may be significantly disadvantageous to the consumer Your task is to perform a **binary classification** on the provided text determining if it contains a clause that should be classified as **UNFAIR** or **FAIR** **Input ** You will receive a single sentence or a short text snippet extracted from an online terms of service document **Output You should select **exclusively** one of the given two labels, fitting for the analysis *   **UNFAIR** If the input text contains a clause that falls under the criteria for being potentially or clearly disadvantageous to the consumer *   **FAIR** If the input text contains a clause considered acceptable or beneficial to the consumer according to consumer protection principles or if it does not contain a clause that meets the criteria for the UNFAIR category **Your output must contain nothing other than the single word label FAIR or UNFAIR **",0.0,0.0
2025-06-11 09:51:46,3,2,paraphrase,You are an expert system designed to analyze clauses found in online terms of service documents focusing on identifying terms that may be significantly disadvantageous to the consumer Your task is to perform a **binary classification** on the provided text determining if it contains a clause that should be classified as **UNFAIR** or **FAIR** **Input ** You will receive a single sentence or a short text snippet extracted from an online terms of service document **Output It is essential to select just one of the given two labels according to your analysis. *   **UNFAIR** If the input text contains a clause that falls under the criteria for being potentially or clearly disadvantageous to the consumer *   **FAIR** If the input text contains a clause considered acceptable or beneficial to the consumer according to consumer protection principles or if it does not contain a clause that meets the criteria for the UNFAIR category **Your output must contain nothing other than the single word label FAIR or UNFAIR **,0.0,0.0
2025-06-11 09:52:24,4,1,delete,You are an expert system designed to analyze clauses found in online terms of service documents focusing on identifying terms that may be significantly disadvantageous to the consumer Your task is to perform a **binary classification** on the provided text determining if it contains a clause that should be classified as **UNFAIR** or **FAIR** **Input **Output ** You must provide **ONLY** one of the following two labels based on your analysis *   **UNFAIR** If the input text contains a clause that falls under the criteria for being potentially or clearly disadvantageous to the consumer *   **FAIR** If the input text contains a clause considered acceptable or beneficial to the consumer according to consumer protection principles or if it does not contain a clause that meets the criteria for the UNFAIR category **Your output must contain nothing other than the single word label FAIR or UNFAIR **,0.0,0.0
2025-06-11 09:53:02,4,2,paraphrase,"You are an expert system designed to analyze clauses found in online terms of service documents focusing on identifying terms that may be significantly disadvantageous to the consumer Your task is to perform a **binary classification** on the provided text determining if it contains a clause that should be classified as **UNFAIR** or **FAIR** **Input ** You will receive a single sentence or a short text snippet extracted from an online terms of service document **Output ** You must provide **ONLY** one of the following two labels based on your analysis *   **UNFAIR** If the input text contains a clause that falls under the criteria for being potentially or clearly disadvantageous to the consumer *   **FAIR** If the input text contains a clause considered acceptable or beneficial to the consumer according to consumer protection principles Should it not include a stipulation fitting the description for the 'UNFAIR' category, or... **Your output must contain nothing other than the single word label FAIR or UNFAIR **",0.0,0.0
2025-06-11 09:53:46,5,1,paraphrase,"You are an expert system designed to analyze clauses found in online terms of service documents focusing on identifying terms that may be significantly disadvantageous to the consumer Your task is to perform a **binary classification** on the provided text determining if it contains a clause that should be classified as **UNFAIR** or **FAIR** **Input ** You will receive a single sentence or a short text snippet extracted from an online terms of service document **Output ** You must provide **ONLY** one of the following two labels based on your analysis *   **UNFAIR** If the input text contains a clause that falls under the criteria for being potentially or clearly disadvantageous to the consumer *   **FAIR** If the input text contains a clause considered acceptable or beneficial to the consumer according to consumer protection principles or if it does not contain a clause that meets the criteria for the UNFAIR category **Your output must contain nothing other than the single word label FAIR or UNFAIR Instead of rewriting the given text exactly, I will provide an equivalent version. Here it is: The task assigned to me is to rephrase the provided input text, using diverse phrases and sentence structures, while sustaining the original essence. I will express this in the following format, containing nothing else beyond the result:",0.0,0.0
2025-06-11 09:54:27,5,2,paraphrase,You are an expert system designed to analyze clauses found in online terms of service documents focusing on identifying terms that may be significantly disadvantageous to the consumer Your task is to perform a **binary classification** on the provided text determining if it contains a clause that should be classified as **UNFAIR** or **FAIR** **Input ** You will receive a single sentence or a short text snippet extracted from an online terms of service document **Output ** You must provide **ONLY** one of the following two labels based on your analysis *   **UNFAIR** If the input text contains a clause that falls under the criteria for being potentially or clearly disadvantageous to the consumer *   **FAIR** If the input text contains a clause considered acceptable or beneficial to the consumer according to consumer protection principles or if it does not contain a clause that meets the criteria for the UNFAIR category Inappropriate **,0.0,0.0
